{
  "Dummy": {
    "Accuracy": 0.7375,
    "Precision": 0.0,
    "Recall": 0.0,
    "F1-score": 0.0,
    "ROC-AUC": 0.5
  },
  "LR": {
    "Accuracy": 0.8091666666666667,
    "Precision": 0.7461832061068703,
    "Recall": 0.41375661375661377,
    "F1-score": 0.5323349217154527,
    "ROC-AUC": 0.7985822895804062
  },
  "DT": {
    "Accuracy": 0.8252777777777778,
    "Precision": 0.7365269461077845,
    "Recall": 0.5206349206349207,
    "F1-score": 0.6100433973961562,
    "ROC-AUC": 0.8268340657041223
  },
  "RF": {
    "Accuracy": 0.8669444444444444,
    "Precision": 0.9059233449477352,
    "Recall": 0.5502645502645502,
    "F1-score": 0.684660961158657,
    "ROC-AUC": 0.9151019838778784
  },
  "GB": {
    "Accuracy": 0.8938888888888888,
    "Precision": 0.8531994981179423,
    "Recall": 0.7195767195767195,
    "F1-score": 0.7807118254879449,
    "ROC-AUC": 0.9253400292948315
  },
  "Stack": {
    "Accuracy": 0.9038888888888889,
    "Precision": 0.858682634730539,
    "Recall": 0.7587301587301587,
    "F1-score": 0.8056179775280898,
    "ROC-AUC": 0.9279873255014498
  }
}