experiment_id,dataset,seed,model_summary,optimizer,lr,momentum,weight_decay,epochs_trained,best_val_accuracy,best_val_loss
E1,CIFAR10,42,"hidden=(512, 256, 128), dropout=0.0, bn=False",Adam,0.001,0,0,20,0.5278072033898306,1.3981826871128407
E2,CIFAR10,42,"hidden=(512, 256, 128), dropout=0.2, bn=False",Adam,0.001,0,0,20,0.5367673024282618,1.3839356858851546
E3,CIFAR10,42,"hidden=(512, 256, 128), dropout=0.0, bn=True",Adam,0.001,0,0,20,0.5505384888689396,1.2995332959344832
E4,CIFAR10,42,"hidden=(512, 256, 128), dropout=0.2, bn=True",Adam,0.001,0,0,21,0.5719014830508474,1.2456469525725156
O1,CIFAR10,42,"hidden=(512, 256, 128), dropout=0.2, bn=True",Adam,0.1,0,0,8,0.4405455508474576,1.5987257250284745
O2,CIFAR10,42,"hidden=(512, 256, 128), dropout=0.2, bn=True",Adam,1e-05,0,0,8,0.4807115113836224,1.5102116455466061
O3,CIFAR10,42,"hidden=(512, 256, 128), dropout=0.2, bn=True",SGD,0.01,0.9,0.0001,8,0.5412694210723296,1.281205387943882
